Date,Slack-Time-1,Slack-Time-2,Slack-Time-3,Slack-Time-4,Slack-Time-5,Max-Time-1,Max-Time-2,Max-Time-3,Max-Time-4,Max-Time-5,Knots-1,Knots-2,Knots-3,Knots-4,Knots-5
2022-01-01,02:06,08:06,14:42,20:36,,04:48,11:06,17:30,23:30,,3.5F,-4.5E,3.4F,-4.2E,
2022-01-02,03:00,09:00,15:42,21:36,,05:48,12:00,18:30,,,3.5F,-4.4E,3.4F,,
2022-01-03,,04:00,09:54,16:36,22:30,00:24,06:42,13:00,19:30,,-4.2E,3.5F,-4.3E,3.3F,
2022-01-04,,04:54,10:54,17:30,23:24,01:24,07:48,14:12,20:30,,-4.1E,3.4F,-4.2E,3.2F,
2022-01-05,,05:48,11:54,18:30,,02:30,08:48,15:12,21:36,,-4.1E,3.3F,-4.1E,3.1F,
2022-01-06,00:18,06:48,12:54,19:24,,03:30,10:00,16:12,22:42,,-4.1E,3.2F,-4.0E,3.0F,
2022-01-07,01:12,07:42,13:48,20:24,,04:30,11:12,17:12,23:48,,-4.1E,3.2F,-3.9E,3.0F,
2022-01-08,02:12,08:42,14:48,21:18,,05:30,12:18,18:18,,,-4.0E,3.2F,-3.7E,,
2022-01-09,,03:06,09:42,15:42,22:18,00:48,06:36,13:12,19:18,,3.0F,-3.9E,3.2F,-3.6E,
2022-01-10,,04:00,10:42,16:36,23:12,01:42,07:42,14:06,20:12,,3.0F,-3.8E,3.2F,-3.6E,
2022-01-11,,04:54,11:42,17:30,,02:30,08:42,15:00,21:12,,3.0F,-3.8E,3.1F,-3.7E,
2022-01-12,00:06,05:48,12:30,18:18,,03:24,09:36,15:54,22:00,,3.0F,-3.8E,3.1F,-3.7E,
2022-01-13,00:48,06:42,13:18,19:06,,04:18,10:24,16:42,22:42,,3.0F,-3.9E,3.0F,-3.8E,
2022-01-14,01:36,07:24,14:00,19:48,,05:00,11:06,17:24,23:18,,3.0F,-3.9E,3.0F,-3.9E,
2022-01-15,02:12,08:06,14:42,20:30,,05:36,11:42,17:54,23:48,,3.0F,-3.8E,3.0F,-3.9E,
2022-01-16,02:54,08:48,15:18,21:06,,06:00,12:12,18:18,,,3.0F,-3.8E,3.0F,,
2022-01-17,,03:30,09:24,15:54,21:42,00:06,06:12,12:30,18:36,,-4.0E,3.1F,-3.9E,3.1F,
2022-01-18,,04:06,10:00,16:30,22:18,00:36,06:42,12:54,19:06,,-4.1E,3.3F,-4.0E,3.3F,
2022-01-19,,04:42,10:42,17:12,23:00,01:12,07:18,13:30,19:42,,-4.3E,3.6F,-4.2E,3.5F,
2022-01-20,,05:24,11:18,17:48,23:42,01:54,07:54,14:12,20:24,,-4.5E,3.8F,-4.4E,3.6F,
2022-01-21,,06:06,12:00,18:36,,02:36,08:36,14:54,21:06,,-4.7E,3.9F,-4.7E,3.7F,
2022-01-22,00:24,06:48,12:48,19:18,,03:18,09:24,15:42,21:54,,-4.8E,4.0F,-4.8E,3.7F,
2022-01-23,01:12,07:36,13:36,20:06,,04:00,10:12,16:24,22:42,,-4.8E,3.9F,-4.7E,3.6F,
2022-01-24,02:00,08:30,14:24,21:00,,04:48,11:06,17:12,23:36,,-4.7E,3.7F,-4.6E,3.5F,
2022-01-25,02:54,09:24,15:18,21:54,,05:42,12:00,18:06,,,-4.5E,3.4F,-4.3E,,
2022-01-26,,03:48,10:30,16:18,22:54,00:30,06:36,13:06,19:06,,3.3F,-4.2E,3.2F,-4.0E,
2022-01-27,,04:48,11:36,17:24,23:54,01:30,07:36,14:06,20:06,,3.2F,-4.0E,3.0F,-3.8E,
2022-01-28,,05:54,12:36,18:30,,02:30,08:48,15:12,21:18,,3.1F,-3.9E,3.0F,-3.7E,
2022-01-29,00:54,06:54,13:36,19:30,,03:36,10:00,16:36,22:30,,3.1F,-4.0E,3.0F,-3.8E,
2022-01-30,01:54,07:54,14:36,20:30,,04:48,11:06,17:42,23:30,,3.2F,-4.2E,3.2F,-4.0E,
2022-01-31,02:54,08:54,15:30,21:24,,05:54,12:12,18:42,,,3.3F,-4.3E,3.4F,,
2022-02-01,,03:48,09:48,16:24,22:18,00:30,07:00,13:12,19:36,,-4.1E,3.5F,-4.3E,3.5F,
2022-02-02,,04:42,10:42,17:18,23:06,01:36,08:00,14:12,20:30,,-4.3E,3.6F,-4.4E,3.5F,
2022-02-03,,05:36,11:42,18:12,,02:30,08:54,15:06,21:24,,-4.4E,3.6F,-4.3E,3.4F,
2022-02-04,00:00,06:30,12:36,19:00,,03:24,09:48,16:00,22:18,,-4.5E,3.6F,-4.3E,3.3F,
2022-02-05,00:54,07:24,13:24,19:54,,04:12,10:48,16:48,23:18,,-4.4E,3.4F,-4.1E,3.1F,
2022-02-06,01:42,08:18,14:18,20:42,,05:06,11:48,17:42,,,-4.2E,3.2F,-3.8E,,
2022-02-07,,02:36,09:12,15:06,21:36,00:12,06:00,12:42,18:36,,3.0F,-3.9E,3.1F,-3.6E,
2022-02-08,,03:30,10:12,16:00,22:30,01:06,07:06,13:36,19:30,,2.9F,-3.7E,2.9F,-3.4E,
2022-02-09,,04:18,11:06,16:48,23:24,01:54,08:06,14:30,20:30,,2.7F,-3.5E,2.7F,-3.3E,
2022-02-10,,05:12,12:00,17:42,,02:48,09:06,15:18,21:24,,2.6F,-3.4E,2.6F,-3.3E,
2022-02-11,00:12,06:06,12:48,18:30,,03:36,09:54,16:06,22:06,,2.5F,-3.4E,2.6F,-3.4E,
2022-02-12,00:54,06:48,13:30,19:12,,04:24,10:36,16:48,22:42,,2.6F,-3.5E,2.7F,-3.6E,
2022-02-13,01:36,07:30,14:06,19:54,,04:54,11:12,17:18,23:06,,2.7F,-3.6E,2.8F,-3.8E,
2022-02-14,02:18,08:12,14:42,20:30,,05:12,11:30,17:36,23:30,,2.9F,-3.8E,3.0F,-4.1E,
2022-02-15,02:54,08:48,15:24,21:12,,05:36,11:48,18:00,,,3.2F,-4.0E,3.3F,,
2022-02-16,,03:36,09:30,16:00,21:48,00:00,06:12,12:18,18:36,,-4.4E,3.6F,-4.3E,3.6F,
2022-02-17,,04:12,10:06,16:42,22:30,00:36,06:48,13:00,19:12,,-4.6E,3.9F,-4.6E,3.9F,
2022-02-18,,04:54,10:48,17:18,23:12,01:18,07:30,13:42,19:54,,-4.9E,4.2F,-4.9E,4.1F,
2022-02-19,,05:36,11:30,18:00,23:54,02:06,08:12,14:30,20:36,,-5.0E,4.3F,-5.0E,4.1F,
2022-02-20,,06:18,12:18,18:48,,02:48,08:54,15:12,21:24,,-5.1E,4.2F,-5.1E,4.1F,
2022-02-21,00:42,07:06,13:06,19:36,,03:36,09:42,16:00,22:12,,-5.0E,4.0F,-4.9E,3.8F,
2022-02-22,01:30,08:00,14:00,20:24,,04:24,10:36,16:48,23:06,,-4.8E,3.6F,-4.6E,3.5F,
2022-02-23,02:24,09:00,14:54,21:24,,05:12,11:36,17:42,,,-4.5E,3.2F,-4.1E,,
2022-02-24,,03:24,10:06,16:00,22:30,00:00,06:12,12:42,18:42,,3.2F,-4.1E,2.9F,-3.6E,
2022-02-25,,04:24,11:18,17:06,23:36,01:06,07:18,13:54,19:48,,2.9F,-3.7E,2.7F,-3.3E,
2022-02-26,,05:36,12:24,18:18,,02:12,08:36,15:24,21:18,,2.7F,-3.6E,2.7F,-3.4E,
2022-02-27,00:42,06:42,13:30,19:18,,03:42,10:18,16:48,22:42,,2.8F,-3.8E,2.9F,-3.7E,
2022-02-28,01:48,07:48,14:30,20:18,,05:06,11:24,17:48,23:42,,3.1F,-4.1E,3.3F,-4.1E,
2022-03-01,02:42,08:42,15:24,21:12,,06:06,12:18,18:36,,,3.5F,-4.4E,3.6F,,
2022-03-02,,03:36,09:36,16:12,22:00,00:30,07:00,13:12,19:30,,-4.4E,3.8F,-4.5E,3.7F,
2022-03-03,,04:30,10:30,17:00,22:48,01:24,07:48,14:00,20:18,,-4.6E,3.9F,-4.6E,3.7F,
2022-03-04,,05:18,11:18,17:48,23:36,02:18,08:42,14:48,21:00,,-4.7E,3.9F,-4.5E,3.6F,
2022-03-05,,06:12,12:12,18:36,,03:06,09:30,15:36,21:48,,-4.7E,3.7F,-4.4E,3.5F,
2022-03-06,00:30,07:00,13:00,19:24,,03:54,10:18,16:18,22:36,,-4.5E,3.4F,-4.1E,3.2F,
2022-03-07,01:18,07:48,13:48,20:06,,04:42,11:12,17:00,23:36,,-4.2E,3.1F,-3.8E,2.9F,
2022-03-08,02:06,08:42,14:30,21:00,,05:30,12:12,17:48,,,-3.8E,2.8F,-3.5E,,
2022-03-09,,02:54,09:36,15:18,21:48,00:30,06:24,13:00,18:36,,2.6F,-3.4E,2.5F,-3.2E,
2022-03-10,,03:42,10:30,16:06,22:42,01:18,07:18,13:48,19:30,,2.4F,-3.1E,2.3F,-3.0E,
2022-03-11,,04:30,11:24,17:00,23:30,02:00,08:24,14:36,20:24,,2.3F,-3.0E,2.2F,-3.0E,
2022-03-12,,05:24,12:06,17:48,,02:42,09:18,15:24,21:18,,2.2F,-3.0E,2.3F,-3.1E,
2022-03-13,00:18,07:12,13:48,19:30,,04:18,11:00,16:54,22:54,,2.3F,-3.2E,2.4F,-3.4E,
2022-03-14,02:00,07:54,14:30,20:12,,04:48,11:24,17:24,23:18,,2.6F,-3.5E,2.7F,-3.8E,
2022-03-15,02:42,08:36,15:06,20:54,,05:24,11:42,17:54,23:54,,3.0F,-3.9E,3.1F,-4.2E,
2022-03-16,03:18,09:18,15:48,21:36,,06:00,12:12,18:30,,,3.5F,-4.3E,3.5F,,
2022-03-17,,04:00,09:54,16:30,22:18,00:24,06:36,12:48,19:06,,-4.6E,3.9F,-4.7E,3.9F,
2022-03-18,,04:42,10:36,17:06,23:00,01:06,07:18,13:30,19:42,,-4.9E,4.2F,-5.0E,4.2F,
2022-03-19,,05:24,11:18,17:48,23:42,01:48,08:00,14:12,20:30,,-5.1E,4.4F,-5.2E,4.3F,
2022-03-20,,06:06,12:06,18:36,,02:36,08:48,15:00,21:12,,-5.2E,4.4F,-5.2E,4.3F,
2022-03-21,00:30,06:54,12:48,19:18,,03:24,09:30,15:48,21:54,,-5.2E,4.2F,-5.1E,4.2F,
2022-03-22,01:18,07:48,13:42,20:06,,04:12,10:18,16:36,22:42,,-5.0E,3.9F,-4.8E,3.8F,
2022-03-23,02:06,08:42,14:36,21:00,,05:00,11:12,17:24,23:36,,-4.7E,3.4F,-4.3E,3.4F,
2022-03-24,03:06,09:42,15:36,22:00,,05:48,12:18,18:18,,,-4.3E,2.9F,-3.8E,,
2022-03-25,,04:06,10:54,16:42,23:12,00:36,06:48,13:30,19:18,,2.9F,-3.8E,2.5F,-3.3E,
2022-03-26,,05:12,12:06,17:54,,01:54,08:06,15:00,20:42,,2.6F,-3.4E,2.4F,-3.1E,
2022-03-27,00:30,06:24,13:18,19:00,,03:18,10:06,16:36,22:36,,2.6F,-3.4E,2.6F,-3.4E,
2022-03-28,01:36,07:36,14:18,20:06,,05:00,11:24,17:42,23:42,,2.9F,-3.9E,3.0F,-3.9E,
2022-03-29,02:36,08:36,15:12,21:00,,06:06,12:18,18:36,,,3.4F,-4.3E,3.5F,,
2022-03-30,,03:30,09:30,16:06,21:54,00:30,07:00,13:06,19:24,,-4.3E,3.8F,-4.6E,3.7F,
2022-03-31,,04:24,10:24,16:54,22:42,01:18,07:48,13:54,20:12,,-4.7E,4.0F,-4.7E,3.9F,
2022-04-01,,05:12,11:12,17:36,23:30,02:06,08:36,14:42,20:54,,-4.8E,4.1F,-4.7E,3.9F,
2022-04-02,,06:00,11:54,18:24,,03:00,09:18,15:24,21:36,,-4.8E,4.0F,-4.6E,3.7F,
2022-04-03,00:12,06:48,12:42,19:06,,03:42,10:06,16:06,22:18,,-4.7E,3.7F,-4.4E,3.5F,
2022-04-04,01:00,07:30,13:24,19:48,,04:30,10:48,16:42,23:00,,-4.4E,3.3F,-4.1E,3.1F,
2022-04-05,01:48,08:18,14:12,20:36,,05:06,11:36,17:18,23:42,,-4.0E,2.9F,-3.8E,2.8F,
2022-04-06,02:36,09:06,14:54,21:18,,05:48,12:24,17:54,,,-3.6E,2.5F,-3.4E,,
2022-04-07,,03:18,09:54,15:42,22:06,00:30,06:24,13:18,18:30,,2.4F,-3.2E,2.2F,-3.2E,
2022-04-08,,04:06,10:48,16:24,23:00,01:18,07:00,14:00,19:12,,2.2F,-3.0E,2.1F,-3.0E,
2022-04-09,,04:48,11:36,17:12,23:48,01:48,07:54,14:36,20:00,,2.2F,-2.8E,2.1F,-3.0E,
2022-04-10,,05:36,12:24,18:00,,02:24,08:42,15:12,20:54,,2.2F,-2.9E,2.2F,-3.1E,
2022-04-11,00:36,06:30,13:12,18:48,,03:06,09:36,15:48,21:42,,2.5F,-3.1E,2.5F,-3.5E,
2022-04-12,01:18,07:12,13:54,19:36,,03:54,10:18,16:30,22:30,,2.8F,-3.6E,2.8F,-3.9E,
2022-04-13,02:00,08:00,14:36,20:24,,04:36,11:00,17:12,23:18,,3.3F,-4.1E,3.3F,-4.4E,
2022-04-14,02:48,08:42,15:12,21:06,,05:24,11:42,17:54,23:54,,3.7F,-4.6E,3.7F,-4.8E,
2022-04-15,03:30,09:24,15:54,21:48,,06:06,12:18,18:36,,,4.1F,-5.0E,4.1F,,
2022-04-16,,04:12,10:06,16:36,22:30,00:42,06:54,13:00,19:18,,-5.1E,4.3F,-5.2E,4.3F,
2022-04-17,,05:00,10:54,17:24,23:18,01:24,07:36,13:42,20:00,,-5.2E,4.4F,-5.3E,4.4F,
2022-04-18,,05:48,11:36,18:06,,02:12,08:24,14:30,20:42,,-5.2E,4.3F,-5.1E,4.3F,
2022-04-19,00:06,06:36,12:30,18:54,,03:00,09:12,15:24,21:30,,-5.0E,4.0F,-4.9E,4.0F,
2022-04-20,00:54,07:30,13:24,19:48,,03:48,10:00,16:12,22:18,,-4.8E,3.6F,-4.5E,3.6F,
2022-04-21,01:48,08:24,14:24,20:42,,04:42,10:54,17:06,23:18,,-4.5E,3.1F,-4.1E,3.1F,
2022-04-22,02:48,09:30,15:24,21:48,,05:36,12:06,18:00,,,-4.0E,2.6F,-3.6E,,
2022-04-23,,03:54,10:42,16:30,23:00,00:24,06:36,13:42,19:12,,2.7F,-3.6E,2.4F,-3.2E,
2022-04-24,,05:00,12:00,17:36,,02:00,08:18,15:12,20:54,,2.5F,-3.3E,2.5F,-3.2E,
2022-04-25,00:18,06:12,13:06,18:42,,03:36,10:06,16:24,22:30,,2.7F,-3.5E,2.8F,-3.6E,
2022-04-26,01:24,07:18,14:06,19:48,,04:48,11:06,17:24,23:24,,3.1F,-4.0E,3.2F,-4.1E,
2022-04-27,02:18,08:18,14:54,20:42,,05:48,12:00,18:18,,,3.6F,-4.4E,3.5F,,
2022-04-28,,03:12,09:12,15:42,21:30,00:18,06:42,12:48,19:00,,-4.5E,3.9F,-4.6E,3.8F,
2022-04-29,,04:00,10:00,16:30,22:18,01:00,07:24,13:30,19:48,,-4.8E,4.1F,-4.7E,3.9F,
2022-04-30,,04:48,10:42,17:12,23:06,01:48,08:12,14:12,20:30,,-4.8E,4.0F,-4.7E,3.9F,
2022-05-01,,05:36,11:30,17:54,23:48,02:36,08:54,14:54,21:12,,-4.7E,3.8F,-4.5E,3.7F,
2022-05-02,,06:18,12:12,18:36,,03:18,09:36,15:36,21:48,,-4.5E,3.5F,-4.3E,3.4F,
2022-05-03,00:30,07:06,12:54,19:18,,04:00,10:18,16:12,22:18,,-4.2E,3.1F,-4.0E,3.0F,
2022-05-04,01:18,07:48,13:36,20:00,,04:36,10:48,16:42,22:42,,-3.8E,2.7F,-3.7E,2.7F,
2022-05-05,02:00,08:30,14:18,20:42,,05:06,11:18,17:06,23:12,,-3.5E,2.4F,-3.5E,2.5F,
2022-05-06,02:42,09:12,15:00,21:24,,05:30,11:54,17:42,23:54,,-3.3E,2.2F,-3.4E,2.4F,
2022-05-07,03:24,10:00,15:42,22:12,,06:06,12:42,18:24,,,-3.1E,2.1F,-3.3E,,
2022-05-08,,04:06,10:48,16:30,23:00,00:42,06:48,13:24,19:12,,2.4F,-3.1E,2.2F,-3.4E,
2022-05-09,,04:54,11:36,17:18,23:48,01:36,07:42,14:12,20:00,,2.6F,-3.2E,2.4F,-3.5E,
2022-05-10,,05:42,12:30,18:06,,02:24,08:36,14:54,20:54,,2.8F,-3.5E,2.7F,-3.7E,
2022-05-11,00:42,06:36,13:12,19:00,,03:12,09:24,15:42,21:48,,3.1F,-3.8E,3.1F,-4.1E,
2022-05-12,01:24,07:24,14:00,19:48,,04:00,10:18,16:30,22:36,,3.5F,-4.3E,3.5F,-4.4E,
2022-05-13,02:12,08:12,14:42,20:36,,04:48,11:06,17:18,23:24,,3.8F,-4.7E,3.8F,-4.8E,
2022-05-14,03:00,08:54,15:24,21:24,,05:36,11:48,18:06,,,4.1F,-5.0E,4.1F,,
2022-05-15,,03:48,09:42,16:12,22:06,00:12,06:24,12:36,18:48,,-5.0E,4.2F,-5.1E,4.3F,
2022-05-16,,04:36,10:30,17:00,22:54,01:00,07:12,13:18,19:36,,-5.1E,4.2F,-5.0E,4.2F,
2022-05-17,,05:30,11:18,17:48,23:42,01:48,08:00,14:12,20:24,,-5.0E,4.0F,-4.8E,4.0F,
2022-05-18,,06:18,12:12,18:36,,02:36,08:54,15:06,21:12,,-4.8E,3.7F,-4.5E,3.7F,
2022-05-19,00:36,07:18,13:12,19:30,,03:36,09:48,16:00,22:06,,-4.5E,3.3F,-4.2E,3.4F,
2022-05-20,01:36,08:18,14:12,20:36,,04:30,10:48,16:54,23:06,,-4.2E,2.9F,-3.9E,2.9F,
2022-05-21,02:42,09:18,15:12,21:42,,05:30,12:06,17:54,,,-3.8E,2.5F,-3.6E,,
2022-05-22,,03:42,10:30,16:18,22:48,00:36,06:42,13:48,19:12,,2.7F,-3.5E,2.5F,-3.4E,
2022-05-23,,04:54,11:42,17:18,,02:18,08:30,15:00,20:54,,2.8F,-3.4E,2.7F,-3.4E,
2022-05-24,00:00,06:00,12:42,18:24,,03:24,09:48,16:00,22:06,,3.0F,-3.6E,2.9F,-3.8E,
2022-05-25,01:06,07:00,13:42,19:24,,04:30,10:48,17:00,23:06,,3.3F,-4.0E,3.2F,-4.2E,
2022-05-26,02:00,08:00,14:30,20:18,,05:24,11:36,17:54,23:54,,3.6F,-4.3E,3.5F,-4.5E,
2022-05-27,02:54,08:48,15:18,21:06,,06:18,12:24,18:36,,,3.8F,-4.5E,3.7F,,
2022-05-28,,03:42,09:36,16:00,21:54,00:42,07:06,13:06,19:24,,-4.7E,3.9F,-4.6E,3.8F,
2022-05-29,,04:30,10:18,16:42,22:36,01:24,07:48,13:42,20:06,,-4.7E,3.8F,-4.5E,3.7F,
2022-05-30,,05:12,11:00,17:24,23:18,02:12,08:30,14:24,20:42,,-4.5E,3.6F,-4.3E,3.4F,
2022-05-31,,05:54,11:42,18:06,,02:54,09:06,15:00,21:12,,-4.2E,3.3F,-4.1E,3.2F,
2022-06-01,00:00,06:30,12:18,18:42,,03:30,09:36,15:36,21:36,,-3.9E,3.0F,-3.9E,3.0F,
2022-06-02,00:42,07:12,13:00,19:24,,04:00,10:00,16:00,22:00,,-3.7E,2.8F,-3.8E,2.8F,
2022-06-03,01:24,07:54,13:42,20:06,,04:24,10:24,16:30,22:30,,-3.5E,2.6F,-3.8E,2.8F,
2022-06-04,02:06,08:36,14:24,20:48,,04:48,11:00,17:06,23:12,,-3.5E,2.5F,-3.8E,2.8F,
2022-06-05,02:48,09:18,15:06,21:30,,05:24,11:42,17:48,,,-3.5E,2.5F,-3.8E,,
2022-06-06,,03:30,10:06,15:48,22:18,00:00,06:12,12:36,18:30,,2.9F,-3.6E,2.6F,-3.9E,
2022-06-07,,04:12,10:54,16:36,23:06,00:54,07:00,13:24,19:24,,3.0F,-3.7E,2.8F,-3.9E,
2022-06-08,,05:00,11:42,17:30,,01:42,07:48,14:18,20:12,,3.2F,-3.9E,3.0F,-4.0E,
2022-06-09,00:00,05:54,12:36,18:24,,02:36,08:42,15:06,21:12,,3.4F,-4.1E,3.3F,-4.2E,
2022-06-10,00:54,06:48,13:24,19:12,,03:24,09:36,15:54,22:06,,3.6F,-4.3E,3.5F,-4.4E,
2022-06-11,01:42,07:42,14:12,20:06,,04:18,10:30,16:48,23:00,,3.7F,-4.6E,3.8F,-4.7E,
2022-06-12,02:36,08:30,15:00,20:54,,05:12,11:24,17:36,23:48,,3.8F,-4.7E,3.9F,-4.8E,
2022-06-13,03:30,09:24,15:48,21:48,,06:06,12:12,18:30,,,3.9F,-4.8E,4.0F,,
2022-06-14,,04:24,10:12,16:42,22:36,00:36,07:00,13:00,19:18,,-4.8E,3.8F,-4.6E,3.9F,
2022-06-15,,05:18,11:06,17:30,23:30,01:30,07:54,13:54,20:06,,-4.7E,3.6F,-4.4E,3.7F,
2022-06-16,,06:12,12:00,18:24,,02:24,08:48,14:54,21:06,,-4.5E,3.4F,-4.2E,3.5F,
2022-06-17,00:30,07:06,13:00,19:24,,03:24,09:48,15:54,22:06,,-4.3E,3.1F,-4.1E,3.2F,
2022-06-18,01:30,08:06,14:00,20:24,,04:30,10:48,16:48,23:12,,-4.1E,2.9F,-3.9E,3.0F,
2022-06-19,02:30,09:06,15:00,21:30,,05:30,12:18,17:54,,,-3.8E,2.7F,-3.8E,,
2022-06-20,,03:30,10:12,15:54,22:30,00:54,06:48,13:36,19:06,,2.9F,-3.6E,2.7F,-3.7E,
2022-06-21,,04:36,11:12,16:54,23:36,02:06,08:06,14:36,20:30,,3.0F,-3.6E,2.8F,-3.7E,
2022-06-22,,05:36,12:18,17:54,,03:06,09:18,15:30,21:42,,3.2F,-3.7E,3.0F,-3.9E,
2022-06-23,00:42,06:36,13:12,18:54,,04:06,10:18,16:30,22:42,,3.3F,-3.8E,3.1F,-4.1E,
2022-06-24,01:36,07:30,14:00,19:48,,05:00,11:12,17:24,23:36,,3.4F,-4.1E,3.3F,-4.3E,
2022-06-25,02:30,08:18,14:48,20:42,,05:54,11:54,18:12,,,3.5F,-4.2E,3.4F,,
2022-06-26,,03:18,09:06,15:36,21:24,00:18,06:42,12:36,19:00,,-4.4E,3.6F,-4.3E,3.5F,
2022-06-27,,04:00,09:48,16:18,22:12,01:00,07:24,13:18,19:36,,-4.3E,3.5F,-4.2E,3.4F,
2022-06-28,,04:42,10:30,16:54,22:48,01:42,08:00,13:54,20:12,,-4.2E,3.3F,-4.1E,3.2F,
2022-06-29,,05:24,11:06,17:36,23:30,02:24,08:36,14:24,20:36,,-4.0E,3.1F,-4.0E,3.1F,
2022-06-30,,06:00,11:48,18:12,,02:54,08:54,14:54,20:54,,-3.8E,3.0F,-4.0E,3.1F,
2022-07-01,00:06,06:36,12:24,18:48,,03:18,09:18,15:24,21:18,,-3.7E,2.9F,-4.0E,3.1F,
2022-07-02,00:48,07:18,13:00,19:30,,03:42,09:48,15:54,21:54,,-3.8E,3.0F,-4.2E,3.2F,
2022-07-03,01:24,07:54,13:42,20:06,,04:18,10:24,16:36,22:36,,-3.9E,3.0F,-4.3E,3.4F,
2022-07-04,02:06,08:36,14:24,20:48,,04:54,11:06,17:12,23:24,,-4.1E,3.1F,-4.4E,3.4F,
2022-07-05,02:48,09:24,15:12,21:36,,05:36,11:54,18:00,,,-4.2E,3.2F,-4.4E,,
2022-07-06,,03:36,10:12,16:00,22:30,00:12,06:24,12:42,18:48,,3.4F,-4.3E,3.2F,-4.3E,
2022-07-07,,04:24,11:00,16:54,23:24,01:06,07:12,13:36,19:42,,3.4F,-4.3E,3.3F,-4.3E,
2022-07-08,,05:18,11:54,17:48,,02:00,08:06,14:30,20:36,,3.4F,-4.2E,3.4F,-4.2E,
2022-07-09,00:24,06:18,12:48,18:42,,02:54,09:00,15:24,21:36,,3.4F,-4.2E,3.5F,-4.3E,
2022-07-10,01:18,07:12,13:42,19:42,,03:54,10:00,16:18,22:36,,3.4F,-4.2E,3.5F,-4.4E,
2022-07-11,02:18,08:12,14:36,20:36,,04:54,11:00,17:18,23:30,,3.4F,-4.3E,3.5F,-4.5E,
2022-07-12,03:12,09:06,15:30,21:30,,05:54,12:00,18:12,,,3.4F,-4.3E,3.6F,,
2022-07-13,,04:12,10:06,16:30,22:24,00:24,06:54,12:48,19:06,,-4.5E,3.5F,-4.3E,3.6F,
2022-07-14,,05:06,11:00,17:24,23:24,01:24,07:54,13:48,20:06,,-4.4E,3.4F,-4.2E,3.5F,
2022-07-15,,06:00,11:54,18:18,,02:24,08:48,14:48,21:06,,-4.3E,3.3F,-4.2E,3.4F,
2022-07-16,00:18,06:54,12:48,19:12,,03:30,09:48,15:54,22:12,,-4.2E,3.2F,-4.2E,3.3F,
2022-07-17,01:18,07:54,13:42,20:12,,04:30,10:54,16:48,23:24,,-4.1E,3.1F,-4.2E,3.2F,
2022-07-18,02:18,08:48,14:36,21:12,,05:30,12:00,17:48,,,-4.0E,3.0F,-4.1E,,
2022-07-19,,03:12,09:42,15:36,22:12,00:36,06:30,13:06,18:54,,3.2F,-3.8E,2.9F,-3.9E,
2022-07-20,,04:12,10:42,16:30,23:12,01:42,07:36,14:12,20:06,,3.2F,-3.6E,2.9F,-3.8E,
2022-07-21,,05:06,11:42,17:24,,02:42,08:42,15:06,21:12,,3.1F,-3.6E,2.9F,-3.8E,
2022-07-22,00:18,06:06,12:36,18:24,,03:36,09:42,16:00,22:18,,3.1F,-3.6E,3.0F,-3.9E,
2022-07-23,01:12,07:00,13:30,19:18,,04:36,10:42,16:54,23:12,,3.1F,-3.7E,3.0F,-4.0E,
2022-07-24,02:06,07:48,14:18,20:12,,05:30,11:30,17:48,,,3.1F,-3.8E,3.1F,,
2022-07-25,,02:54,08:36,15:06,21:00,00:00,06:12,12:12,18:30,,-4.0E,3.2F,-3.9E,3.1F,
2022-07-26,,03:36,09:18,15:48,21:42,00:36,06:54,12:48,19:06,,-4.0E,3.2F,-4.0E,3.1F,
2022-07-27,,04:12,10:00,16:24,22:18,01:12,07:30,13:18,19:36,,-3.9E,3.1F,-4.0E,3.1F,
2022-07-28,,04:48,10:36,17:00,22:54,01:48,07:54,13:42,19:48,,-3.8E,3.1F,-4.0E,3.2F,
2022-07-29,,05:24,11:12,17:36,23:30,02:06,08:12,14:12,20:12,,-3.9E,3.1F,-4.2E,3.3F,
2022-07-30,,06:00,11:48,18:12,,02:30,08:36,14:42,20:48,,-4.0E,3.3F,-4.3E,3.6F,
2022-07-31,00:12,06:42,12:30,18:54,,03:06,09:12,15:18,21:24,,-4.2E,3.4F,-4.5E,3.8F,
2022-08-01,00:48,07:18,13:06,19:30,,03:42,09:48,16:00,22:06,,-4.5E,3.6F,-4.7E,3.9F,
2022-08-02,01:30,08:00,13:54,20:18,,04:24,10:30,16:42,22:48,,-4.7E,3.7F,-4.8E,3.9F,
2022-08-03,02:12,08:42,14:36,21:06,,05:06,11:18,17:30,23:42,,-4.7E,3.7F,-4.7E,3.7F,
2022-08-04,03:00,09:30,15:24,21:54,,05:48,12:06,18:18,,,-4.7E,3.6F,-4.6E,,
2022-08-05,,03:54,10:24,16:18,22:54,00:36,06:42,13:00,19:06,,3.5F,-4.4E,3.5F,-4.3E,
2022-08-06,,04:48,11:24,17:18,,01:30,07:36,14:00,20:06,,3.3F,-4.2E,3.3F,-4.1E,
2022-08-07,00:00,05:48,12:24,18:18,,02:30,08:36,14:54,21:06,,3.1F,-3.9E,3.2F,-4.0E,
2022-08-08,01:06,06:54,13:24,19:18,,03:36,09:42,15:54,22:18,,3.0F,-3.8E,3.1F,-4.0E,
2022-08-09,02:06,08:00,14:24,20:24,,04:48,10:48,17:06,23:30,,3.0F,-3.8E,3.1F,-4.1E,
2022-08-10,03:06,08:54,15:18,21:18,,06:00,11:54,18:12,,,3.2F,-4.0E,3.3F,,
2022-08-11,,04:00,09:54,16:18,22:18,00:30,07:00,12:54,19:12,,-4.3E,3.3F,-4.1E,3.5F,
2022-08-12,,04:54,10:48,17:12,23:12,01:30,08:00,13:54,20:18,,-4.3E,3.4F,-4.3E,3.6F,
2022-08-13,,05:48,11:36,18:06,,02:36,08:54,14:54,21:12,,-4.4E,3.5F,-4.4E,3.6F,
2022-08-14,00:06,06:42,12:30,19:00,,03:36,09:48,15:48,22:12,,-4.4E,3.5F,-4.5E,3.6F,
2022-08-15,01:00,07:30,13:24,19:54,,04:24,10:42,16:42,23:12,,-4.3E,3.3F,-4.4E,3.5F,
2022-08-16,01:54,08:24,14:18,20:48,,05:12,11:36,17:36,,,-4.2E,3.2F,-4.3E,,
2022-08-17,,02:48,09:18,15:12,21:48,00:18,06:06,12:42,18:30,,3.3F,-3.9E,3.0F,-4.0E,
2022-08-18,,03:42,10:12,16:00,22:48,01:18,07:00,13:42,19:36,,3.1F,-3.6E,2.9F,-3.8E,
2022-08-19,,04:36,11:06,17:00,23:48,02:18,08:06,14:36,20:42,,2.9F,-3.4E,2.8F,-3.6E,
2022-08-20,,05:30,12:06,17:54,,03:12,09:06,15:30,21:48,,2.8F,-3.3E,2.7F,-3.5E,
2022-08-21,00:42,06:24,13:00,18:48,,04:06,10:06,16:24,22:42,,2.7F,-3.3E,2.7F,-3.5E,
2022-08-22,01:36,07:18,13:48,19:42,,04:54,11:00,17:18,23:30,,2.7F,-3.5E,2.7F,-3.6E,
2022-08-23,02:18,08:00,14:30,20:24,,05:42,11:42,18:00,,,2.8F,-3.6E,2.8F,,
2022-08-24,,03:00,08:42,15:12,21:06,00:12,06:24,12:12,18:30,,-3.7E,2.9F,-3.8E,2.9F,
2022-08-25,,03:36,09:24,15:48,21:42,00:42,06:48,12:36,18:48,,-3.8E,3.0F,-4.0E,3.1F,
2022-08-26,,04:12,10:00,16:24,22:18,01:00,07:12,13:00,19:06,,-3.9E,3.1F,-4.2E,3.4F,
2022-08-27,,04:48,10:36,17:00,22:54,01:18,07:30,13:30,19:36,,-4.1E,3.4F,-4.4E,3.7F,
2022-08-28,,05:24,11:12,17:42,23:36,01:48,08:00,14:06,20:12,,-4.4E,3.7F,-4.7E,4.0F,
2022-08-29,,06:06,11:54,18:18,,02:30,08:36,14:48,20:54,,-4.7E,3.9F,-4.9E,4.2F,
2022-08-30,00:12,06:42,12:36,19:00,,03:06,09:18,15:30,21:36,,-4.9E,4.1F,-5.0E,4.2F,
2022-08-31,00:54,07:24,13:18,19:48,,03:54,10:00,16:12,22:18,,-5.1E,4.1F,-5.0E,4.1F,
2022-09-01,01:42,08:06,14:06,20:36,,04:36,10:42,17:00,23:12,,-5.0E,4.0F,-4.9E,3.8F,
2022-09-02,02:30,09:00,14:54,21:30,,05:24,11:36,17:48,,,-4.8E,3.7F,-4.7E,,
2022-09-03,,03:24,09:54,15:48,22:30,00:06,06:12,12:30,18:42,,3.4F,-4.4E,3.4F,-4.3E,
2022-09-04,,04:24,10:54,16:48,23:42,01:06,07:06,13:30,19:42,,3.0F,-3.9E,3.1F,-3.9E,
2022-09-05,,05:30,12:00,18:00,,02:12,08:12,14:36,20:48,,2.8F,-3.5E,2.9F,-3.7E,
2022-09-06,00:48,06:42,13:06,19:06,,03:24,09:24,15:48,22:18,,2.7F,-3.4E,2.8F,-3.7E,
2022-09-07,01:54,07:42,14:12,20:12,,04:54,10:54,17:12,23:42,,2.8F,-3.6E,3.0F,-4.0E,
2022-09-08,02:54,08:42,15:12,21:12,,06:06,12:00,18:24,,,3.1F,-3.9E,3.3F,,
2022-09-09,,03:48,09:42,16:06,22:06,00:42,07:06,12:54,19:24,,-4.3E,3.4F,-4.3E,3.6F,
2022-09-10,,04:42,10:30,17:00,23:00,01:36,07:54,13:48,20:18,,-4.5E,3.6F,-4.5E,3.8F,
2022-09-11,,05:30,11:18,17:54,23:54,02:30,08:42,14:42,21:06,,-4.5E,3.7F,-4.6E,3.9F,
2022-09-12,,06:18,12:12,18:42,,03:18,09:30,15:36,22:00,,-4.5E,3.7F,-4.7E,3.8F,
2022-09-13,00:42,07:06,13:00,19:36,,04:06,10:18,16:24,22:48,,-4.4E,3.5F,-4.6E,3.5F,
2022-09-14,01:30,07:54,13:54,20:24,,04:54,11:12,17:12,23:48,,-4.2E,3.3F,-4.3E,3.2F,
2022-09-15,02:24,08:48,14:42,21:18,,05:36,12:06,18:06,,,-3.9E,3.0F,-4.0E,,
2022-09-16,,03:12,09:36,15:36,22:18,00:48,06:24,13:06,19:06,,2.9F,-3.6E,2.8F,-3.6E,
2022-09-17,,04:00,10:30,16:24,23:12,01:48,07:24,14:06,20:12,,2.7F,-3.3E,2.6F,-3.3E,
2022-09-18,,04:54,11:30,17:18,,02:36,08:24,14:54,21:12,,2.5F,-3.1E,2.4F,-3.1E,
2022-09-19,00:12,05:48,12:24,18:12,,03:30,09:24,15:48,22:12,,2.4F,-3.0E,2.4F,-3.1E,
2022-09-20,01:00,06:36,13:12,19:00,,04:18,10:18,16:36,23:00,,2.4F,-3.2E,2.4F,-3.3E,
2022-09-21,01:42,07:24,13:54,19:48,,05:06,11:00,17:12,23:36,,2.5F,-3.4E,2.6F,-3.5E,
2022-09-22,02:24,08:06,14:30,20:30,,05:36,11:30,17:36,,,2.7F,-3.7E,2.9F,,
2022-09-23,,03:00,08:48,15:12,21:06,00:00,06:00,11:54,18:00,,-3.7E,2.9F,-4.0E,3.2F,
2022-09-24,,03:36,09:24,15:48,21:42,00:12,06:24,12:18,18:30,,-4.1E,3.3F,-4.4E,3.7F,
2022-09-25,,04:12,10:06,16:24,22:24,00:42,06:54,12:54,19:06,,-4.5E,3.7F,-4.7E,4.0F,
2022-09-26,,04:54,10:42,17:06,23:00,01:12,07:30,13:30,19:42,,-4.8E,4.0F,-5.0E,4.3F,
2022-09-27,,05:30,11:24,17:48,23:42,01:54,08:06,14:18,20:24,,-5.1E,4.3F,-5.1E,4.4F,
2022-09-28,,06:12,12:06,18:30,,02:36,08:48,15:00,21:06,,-5.2E,4.4F,-5.2E,4.3F,
2022-09-29,00:24,06:54,12:48,19:18,,03:24,09:30,15:48,21:54,,-5.2E,4.3F,-5.1E,4.0F,
2022-09-30,01:12,07:42,13:42,20:12,,04:06,10:18,16:36,22:42,,-5.0E,4.1F,-4.9E,3.6F,
2022-10-01,02:06,08:30,14:30,21:12,,04:54,11:06,17:24,23:42,,-4.6E,3.7F,-4.5E,3.2F,
2022-10-02,03:06,09:30,15:30,22:18,,05:48,12:06,18:18,,,-4.1E,3.2F,-4.1E,,
2022-10-03,,04:06,10:36,16:36,23:30,00:48,06:48,13:12,19:24,,2.7F,-3.7E,2.8F,-3.7E,
2022-10-04,,05:12,11:48,17:42,,02:06,07:54,14:24,20:42,,2.5F,-3.3E,2.7F,-3.4E,
2022-10-05,00:42,06:24,13:00,18:54,,03:36,09:24,15:54,22:36,,2.5F,-3.2E,2.7F,-3.6E,
2022-10-06,01:42,07:30,14:00,20:00,,05:00,11:00,17:24,23:42,,2.8F,-3.6E,3.1F,-4.1E,
2022-10-07,02:42,08:30,15:00,21:00,,06:00,12:00,18:24,,,3.2F,-4.1E,3.5F,,
2022-10-08,,03:36,09:24,15:54,21:54,00:36,06:54,12:48,19:18,,-4.4E,3.6F,-4.5E,3.9F,
2022-10-09,,04:24,10:12,16:42,22:42,01:24,07:42,13:42,20:06,,-4.6E,3.8F,-4.7E,4.0F,
2022-10-10,,05:12,11:00,17:36,23:30,02:06,08:24,14:30,20:54,,-4.7E,3.9F,-4.8E,4.0F,
2022-10-11,,05:54,11:48,18:24,,02:54,09:12,15:18,21:42,,-4.6E,3.8F,-4.7E,3.8F,
2022-10-12,00:18,06:42,12:36,19:12,,03:48,09:54,16:06,22:30,,-4.4E,3.6F,-4.5E,3.4F,
2022-10-13,01:06,07:30,13:30,20:00,,04:24,10:42,16:54,23:18,,-4.2E,3.3F,-4.2E,3.1F,
2022-10-14,01:54,08:18,14:18,20:54,,05:06,11:36,17:42,,,-3.9E,2.9F,-3.8E,,
2022-10-15,,02:42,09:06,15:06,21:42,00:12,05:48,12:30,18:30,,2.7F,-3.6E,2.6F,-3.4E,
2022-10-16,,03:30,09:54,15:54,22:36,01:12,06:36,13:30,19:24,,2.4F,-3.3E,2.4F,-3.1E,
2022-10-17,,04:18,10:48,16:42,23:30,02:00,07:30,14:12,20:24,,2.3F,-3.1E,2.3F,-2.9E,
2022-10-18,,05:06,11:42,17:30,,02:48,08:18,14:54,21:18,,2.2F,-3.0E,2.2F,-2.9E,
2022-10-19,00:18,05:54,12:30,18:18,,03:24,09:06,15:24,22:00,,2.2F,-3.1E,2.4F,-3.0E,
2022-10-20,01:00,06:36,13:12,19:06,,04:00,09:54,15:54,22:36,,2.3F,-3.3E,2.6F,-3.4E,
2022-10-21,01:42,07:24,13:48,19:48,,04:30,10:30,16:30,23:00,,2.6F,-3.7E,3.0F,-3.8E,
2022-10-22,02:18,08:06,14:30,20:30,,05:06,11:06,17:12,23:30,,3.0F,-4.1E,3.4F,-4.3E,
2022-10-23,03:00,08:48,15:12,21:06,,05:36,11:42,17:48,,,3.5F,-4.5E,3.9F,,
2022-10-24,,03:36,09:30,15:54,21:48,00:00,06:18,12:18,18:30,,-4.8E,3.9F,-4.9E,4.2F,
2022-10-25,,04:18,10:12,16:36,22:30,00:42,06:54,13:00,19:12,,-5.1E,4.2F,-5.1E,4.3F,
2022-10-26,,05:00,10:54,17:24,23:12,01:24,07:36,13:48,20:00,,-5.2E,4.4F,-5.2E,4.3F,
2022-10-27,,05:42,11:42,18:12,,02:06,08:18,14:30,20:42,,-5.2E,4.4F,-5.1E,4.1F,
2022-10-28,00:00,06:30,12:24,19:00,,02:54,09:06,15:24,21:36,,-5.0E,4.2F,-5.0E,3.8F,
2022-10-29,00:54,07:18,13:18,19:54,,03:48,09:54,16:12,22:24,,-4.7E,3.9F,-4.7E,3.4F,
2022-10-30,01:48,08:12,14:18,20:54,,04:36,10:48,17:06,23:24,,-4.4E,3.5F,-4.3E,2.9F,
2022-10-31,02:48,09:12,15:18,22:00,,05:30,11:48,18:00,,,-3.9E,3.0F,-3.9E,,
2022-11-01,,03:54,10:24,16:24,23:18,00:36,06:30,13:06,19:12,,2.5F,-3.5E,2.7F,-3.5E,
2022-11-02,,05:00,11:36,17:36,,02:12,07:42,14:36,21:00,,2.4F,-3.3E,2.7F,-3.4E,
2022-11-03,00:24,06:06,12:42,18:42,,03:36,09:30,16:00,22:30,,2.6F,-3.4E,2.9F,-3.7E,
2022-11-04,01:30,07:12,13:48,19:48,,04:42,10:48,17:12,23:30,,2.9F,-3.8E,3.3F,-4.1E,
2022-11-05,02:24,08:06,14:42,20:42,,05:42,11:48,18:06,,,3.3F,-4.3E,3.7F,,
2022-11-06,,02:12,08:00,14:36,20:36,00:18,05:36,11:36,18:00,,-4.4E,3.6F,-4.6E,3.9F,
2022-11-07,,03:00,08:54,15:24,21:24,00:00,06:18,12:24,18:48,,-4.6E,3.8F,-4.8E,4.0F,
2022-11-08,,03:48,09:42,16:12,22:06,00:48,07:06,13:12,19:36,,-4.6E,3.9F,-4.7E,3.9F,
2022-11-09,,04:30,10:24,17:00,22:54,01:30,07:54,14:00,20:18,,-4.5E,3.7F,-4.6E,3.6F,
2022-11-10,,05:18,11:12,17:48,23:36,02:18,08:30,14:48,21:06,,-4.3E,3.5F,-4.3E,3.3F,
2022-11-11,,06:00,12:00,18:36,,03:00,09:18,15:30,21:48,,-4.1E,3.2F,-4.0E,2.9F,
2022-11-12,00:24,06:48,12:48,19:18,,03:42,09:54,16:12,22:36,,-3.9E,2.9F,-3.7E,2.6F,
2022-11-13,01:06,07:30,13:36,20:06,,04:12,10:36,16:48,23:24,,-3.6E,2.6F,-3.3E,2.3F,
2022-11-14,01:54,08:18,14:18,20:54,,04:48,11:18,17:24,,,-3.4E,2.4F,-3.1E,,
2022-11-15,,02:36,09:06,15:00,21:42,00:06,05:24,12:00,17:54,,2.2F,-3.3E,2.3F,-3.0E,
2022-11-16,,03:18,09:54,15:48,22:30,00:42,06:06,12:36,18:36,,2.1F,-3.2E,2.4F,-3.0E,
2022-11-17,,04:06,10:42,16:30,23:12,01:12,06:54,13:18,19:24,,2.3F,-3.3E,2.6F,-3.2E,
2022-11-18,,04:54,11:24,17:18,,01:48,07:42,14:00,20:12,,2.5F,-3.5E,2.9F,-3.6E,
2022-11-19,00:00,05:42,12:12,18:06,,02:30,08:30,14:42,21:00,,2.8F,-3.8E,3.2F,-4.0E,
2022-11-20,00:42,06:30,12:54,18:48,,03:12,09:18,15:30,21:42,,3.2F,-4.2E,3.6F,-4.4E,
2022-11-21,01:24,07:12,13:36,19:36,,04:00,10:06,16:18,22:30,,3.6F,-4.6E,3.9F,-4.8E,
2022-11-22,02:06,08:00,14:24,20:18,,04:42,10:48,17:06,23:12,,4.0F,-4.9E,4.1F,-5.0E,
2022-11-23,02:48,08:42,15:12,21:06,,05:24,11:36,17:48,23:54,,4.2F,-5.1E,4.2F,-5.1E,
2022-11-24,03:36,09:30,16:00,21:54,,06:12,12:18,18:36,,,4.3F,-5.1E,4.1F,,
2022-11-25,,04:18,10:18,16:54,22:42,00:42,06:54,13:12,19:24,,-5.0E,4.2F,-4.9E,3.9F,
2022-11-26,,05:12,11:06,17:48,23:36,01:36,07:48,14:06,20:18,,-4.7E,4.0F,-4.7E,3.6F,
2022-11-27,,06:00,12:06,18:42,,02:30,08:36,15:00,21:12,,-4.5E,3.7F,-4.4E,3.2F,
2022-11-28,00:36,07:00,13:06,19:42,,03:24,09:30,15:54,22:12,,-4.2E,3.3F,-4.1E,2.8F,
2022-11-29,01:36,08:00,14:06,20:48,,04:18,10:36,16:54,23:42,,-3.9E,2.9F,-3.8E,2.5F,
2022-11-30,02:36,09:12,15:12,22:00,,05:24,12:12,18:12,,,-3.6E,2.7F,-3.5E,,
2022-12-01,,03:42,10:18,16:18,23:06,01:12,06:42,13:42,19:54,,2.5F,-3.4E,2.9F,-3.5E,
2022-12-02,,04:42,11:24,17:24,,02:18,08:18,14:48,21:06,,2.7F,-3.6E,3.1F,-3.7E,
2022-12-03,00:06,05:48,12:30,18:24,,03:24,09:30,15:54,22:06,,3.0F,-3.9E,3.4F,-4.1E,
2022-12-04,01:00,06:48,13:24,19:18,,04:18,10:30,16:48,22:54,,3.3F,-4.3E,3.7F,-4.3E,
2022-12-05,01:48,07:42,14:18,20:12,,05:12,11:18,17:42,23:42,,3.6F,-4.6E,3.8F,-4.5E,
2022-12-06,02:36,08:30,15:06,21:00,,06:00,12:06,18:30,,,3.7F,-4.7E,3.8F,,
2022-12-07,,03:24,09:18,15:54,21:42,00:30,06:48,12:54,19:12,,-4.5E,3.7F,-4.6E,3.7F,
2022-12-08,,04:06,10:06,16:36,22:24,01:06,07:30,13:42,19:54,,-4.4E,3.6F,-4.4E,3.5F,
2022-12-09,,04:54,10:48,17:24,23:06,01:54,08:12,14:24,20:36,,-4.2E,3.4F,-4.1E,3.2F,
2022-12-10,,05:36,11:30,18:06,23:48,02:36,08:48,15:06,21:12,,-4.1E,3.1F,-3.9E,2.9F,
2022-12-11,,06:18,12:18,18:48,,03:06,09:12,15:36,21:42,,-3.9E,2.9F,-3.6E,2.7F,
2022-12-12,00:30,07:00,13:00,19:24,,03:36,09:36,16:00,22:06,,-3.8E,2.7F,-3.5E,2.5F,
2022-12-13,01:12,07:36,13:36,20:06,,04:06,10:12,16:24,22:42,,-3.7E,2.7F,-3.4E,2.4F,
2022-12-14,01:54,08:18,14:18,20:54,,04:36,10:54,17:00,23:24,,-3.7E,2.7F,-3.4E,2.5F,
2022-12-15,02:36,09:06,15:00,21:36,,05:18,11:36,17:42,,,-3.7E,2.8F,-3.5E,,
2022-12-16,,03:18,09:54,15:48,22:24,00:12,06:06,12:24,18:30,,2.6F,-3.8E,3.0F,-3.7E,
2022-12-17,,04:06,10:42,16:36,23:12,00:54,06:54,13:12,19:24,,2.9F,-3.9E,3.2F,-3.9E,
2022-12-18,,05:00,11:30,17:24,,01:42,07:48,14:00,20:12,,3.1F,-4.0E,3.4F,-4.2E,
2022-12-19,00:00,05:48,12:24,18:12,,02:30,08:36,14:54,21:06,,3.4F,-4.3E,3.5F,-4.4E,
2022-12-20,00:48,06:42,13:12,19:06,,03:18,09:30,15:48,22:00,,3.6F,-4.5E,3.7F,-4.6E,
2022-12-21,01:36,07:30,14:00,19:54,,04:12,10:24,16:42,22:48,,3.8F,-4.7E,3.8F,-4.8E,
2022-12-22,02:24,08:18,14:54,20:48,,05:00,11:12,17:30,23:36,,4.0F,-4.8E,3.8F,-4.7E,
2022-12-23,03:12,09:12,15:48,21:42,,05:48,12:00,18:24,,,4.0F,-4.8E,3.8F,,
2022-12-24,,04:06,10:00,16:42,22:30,00:24,06:42,12:54,19:18,,-4.6E,3.9F,-4.7E,3.6F,
2022-12-25,,05:00,10:54,17:36,23:30,01:18,07:30,13:54,20:12,,-4.4E,3.7F,-4.5E,3.4F,
2022-12-26,,05:54,11:54,18:30,,02:18,08:30,14:48,21:06,,-4.3E,3.5F,-4.3E,3.1F,
2022-12-27,00:24,06:48,12:54,19:30,,03:12,09:30,15:48,22:12,,-4.2E,3.2F,-4.1E,2.9F,
2022-12-28,01:24,07:48,13:54,20:30,,04:12,10:42,16:48,23:36,,-4.0E,3.0F,-3.8E,2.7F,
2022-12-29,02:24,08:54,15:00,21:36,,05:12,12:18,18:06,,,-3.8E,2.9F,-3.6E,,
2022-12-30,,03:18,10:00,16:00,22:36,00:54,06:36,13:24,19:30,,2.7F,-3.7E,3.0F,-3.5E,
2022-12-31,,04:18,11:06,17:00,23:36,01:54,08:00,14:30,20:42,,2.8F,-3.7E,3.1F,-3.6E,
